{
    "key": "group_5c93a4b103a4e",
    "title": "Taxonomie Element",
    "fields": [
        {
            "key": "field_5c93a4d9265de",
            "label": "Taxonomie",
            "name": "taxonomies",
            "type": "repeater",
            "instructions": "Kies hier de verschillende categorieën om te tonen",
            "required": 0,
            "conditional_logic": 0,
            "wrapper": {
                "width": "",
                "class": "",
                "id": ""
            },
            "collapsed": "field_5d722831231c9",
            "min": 3,
            "max": 0,
            "layout": "table",
            "button_label": "Categorie Toevoegen",
            "sub_fields": [
                {
                    "key": "field_5d722831231c9",
                    "label": "Taxonomie",
                    "name": "taxonomy",
                    "type": "taxonomy",
                    "instructions": "",
                    "required": 0,
                    "conditional_logic": 0,
                    "wrapper": {
                        "width": "",
                        "class": "",
                        "id": ""
                    },
                    "taxonomy": "categorie",
                    "field_type": "select",
                    "allow_null": 0,
                    "add_term": 0,
                    "save_terms": 0,
                    "load_terms": 0,
                    "return_format": "object",
                    "multiple": 0
                }
            ]
        }
    ],
    "location": [
        [
            {
                "param": "post_type",
                "operator": "==",
                "value": "post"
            }
        ]
    ],
    "menu_order": 0,
    "position": "normal",
    "style": "default",
    "label_placement": "top",
    "instruction_placement": "label",
    "hide_on_screen": "",
    "active": 0,
    "description": "",
    "modified": 1567764527
}