{
    "key": "group_5d722a37b8e2e",
    "title": "Taxonomy Afbeelding",
    "fields": [
        {
            "key": "field_5d722a458f167",
            "label": "Afbeelding",
            "name": "afbeelding",
            "type": "image",
            "instructions": "Voeg hier de afbeelding toe van de taxonomie. Deze afbeelding word getoond in het Taxonomie Element.",
            "required": 0,
            "conditional_logic": 0,
            "wrapper": {
                "width": "",
                "class": "",
                "id": ""
            },
            "return_format": "array",
            "preview_size": "medium",
            "library": "all",
            "min_width": "",
            "min_height": "",
            "min_size": "",
            "max_width": "",
            "max_height": "",
            "max_size": "",
            "mime_types": ""
        }
    ],
    "location": [
        [
            {
                "param": "taxonomy",
                "operator": "==",
                "value": "categorie"
            }
        ]
    ],
    "menu_order": 0,
    "position": "normal",
    "style": "seamless",
    "label_placement": "top",
    "instruction_placement": "label",
    "hide_on_screen": "",
    "active": 1,
    "description": "",
    "modified": 1567763082
}