{
    "key": "group_5c73ea3c59768",
    "title": "Social Media",
    "fields": [
        {
            "key": "field_5c73ea42a4286",
            "label": "Social Media",
            "name": "social_media",
            "type": "repeater",
            "instructions": "",
            "required": 0,
            "conditional_logic": 0,
            "wrapper": {
                "width": "",
                "class": "",
                "id": ""
            },
            "collapsed": "field_5c73ea50a4287",
            "min": 0,
            "max": 0,
            "layout": "table",
            "button_label": "Dienst toevoegen",
            "sub_fields": [
                {
                    "key": "field_5c73ea50a4287",
                    "label": "Dienst",
                    "name": "service",
                    "type": "text",
                    "instructions": "Voer hier de naam van de dienst in. (Bijvoorbeeld: facebook)",
                    "required": 0,
                    "conditional_logic": 0,
                    "wrapper": {
                        "width": "",
                        "class": "",
                        "id": ""
                    },
                    "default_value": "",
                    "placeholder": "",
                    "prepend": "",
                    "append": "",
                    "maxlength": ""
                },
                {
                    "key": "field_5c73ea90a4288",
                    "label": "Icon",
                    "name": "icon",
                    "type": "image",
                    "instructions": "Upload hier het icoon voor de dienst.",
                    "required": 0,
                    "conditional_logic": 0,
                    "wrapper": {
                        "width": "",
                        "class": "",
                        "id": ""
                    },
                    "return_format": "array",
                    "preview_size": "thumbnail",
                    "library": "all",
                    "min_width": "",
                    "min_height": "",
                    "min_size": "",
                    "max_width": "",
                    "max_height": "",
                    "max_size": "",
                    "mime_types": ""
                },
                {
                    "key": "field_5c73eae1a4289",
                    "label": "URL",
                    "name": "url",
                    "type": "text",
                    "instructions": "Voer hier de URL in naar het profiel.",
                    "required": 0,
                    "conditional_logic": 0,
                    "wrapper": {
                        "width": "",
                        "class": "",
                        "id": ""
                    },
                    "default_value": "",
                    "placeholder": "",
                    "prepend": "",
                    "append": "",
                    "maxlength": ""
                },
                {
                    "key": "field_5cd3fb1d20af5",
                    "label": "Icon (wit)",
                    "name": "icon_light",
                    "type": "image",
                    "instructions": "Upload hier het icoon voor de dienst.",
                    "required": 0,
                    "conditional_logic": 0,
                    "wrapper": {
                        "width": "",
                        "class": "",
                        "id": ""
                    },
                    "return_format": "array",
                    "preview_size": "thumbnail",
                    "library": "all",
                    "min_width": "",
                    "min_height": "",
                    "min_size": "",
                    "max_width": "",
                    "max_height": "",
                    "max_size": "",
                    "mime_types": ""
                }
            ]
        }
    ],
    "location": [
        [
            {
                "param": "options_page",
                "operator": "==",
                "value": "theme-options"
            }
        ]
    ],
    "menu_order": 0,
    "position": "normal",
    "style": "default",
    "label_placement": "top",
    "instruction_placement": "label",
    "hide_on_screen": "",
    "active": true,
    "description": "",
    "0": false,
    "modified": 1561033225
}