{
    "key": "group_5d70c651d7a95",
    "title": "Producten",
    "fields": [
        {
            "key": "field_5d70c74fb7672",
            "label": "Artikelnummer",
            "name": "product_number",
            "type": "text",
            "instructions": "Voer hier het artikelnummer in van het product",
            "required": 0,
            "conditional_logic": 0,
            "wrapper": {
                "width": "50",
                "class": "",
                "id": ""
            },
            "default_value": "",
            "placeholder": 10179,
            "prepend": "Artnr.:",
            "append": "",
            "maxlength": ""
        },
        {
            "key": "field_5d70c6e3b7671",
            "label": "Prijs",
            "name": "product_price",
            "type": "text",
            "instructions": "Voer hier de prijs in van het product excl. btw.",
            "required": 0,
            "conditional_logic": 0,
            "wrapper": {
                "width": "50",
                "class": "",
                "id": ""
            },
            "default_value": "",
            "placeholder": "0,00",
            "prepend": "€",
            "append": "",
            "maxlength": ""
        },
        {
            "key": "field_5d724363b2672",
            "label": "Formulier",
            "name": "form",
            "type": "post_object",
            "instructions": "Kier hier het formulier wat gebruikt moeten worden voor dit product",
            "required": 0,
            "conditional_logic": 0,
            "wrapper": {
                "width": "20",
                "class": "",
                "id": ""
            },
            "post_type": [
                "wpcf7_contact_form"
            ],
            "taxonomy": "",
            "allow_null": 0,
            "multiple": 0,
            "return_format": "id",
            "ui": 1
        },
        {
            "key": "field_5d83502dda318",
            "label": "Ophalen en\/of bezorgen",
            "name": "ophalen_bezorgen",
            "type": "radio",
            "instructions": "Vink hier de ophaal\/bezorgen opties aan.",
            "required": 0,
            "conditional_logic": 0,
            "wrapper": {
                "width": "20",
                "class": "",
                "id": ""
            },
            "choices": {
                "ophalen": "Alleen ophalen",
                "bezorgen": "Alleen bezorgen",
                "bezorgen-ophalen": "Ophalen en\/of bezorgen"
            },
            "allow_null": 0,
            "other_choice": 0,
            "default_value": "",
            "layout": "vertical",
            "return_format": "value",
            "save_other_choice": 0
        },
        {
            "key": "field_5d83662d86482",
            "label": "Prijs per installateur",
            "name": "prijs_per_installateur",
            "type": "number",
            "instructions": "Voer hier de prijs in per installateur, per uur.",
            "required": 0,
            "conditional_logic": 0,
            "wrapper": {
                "width": "20",
                "class": "",
                "id": ""
            },
            "default_value": "",
            "placeholder": "",
            "prepend": "€",
            "append": "",
            "min": "",
            "max": "",
            "step": ""
        },
        {
            "key": "field_5d835980281ce",
            "label": "Aantal installateurs",
            "name": "aantal_installateurs",
            "type": "number",
            "instructions": "Kies hier het aantal installateurs die nodig zijn voor het opbouwen van het product.",
            "required": 0,
            "conditional_logic": 0,
            "wrapper": {
                "width": "20",
                "class": "",
                "id": ""
            },
            "default_value": 0,
            "placeholder": "",
            "prepend": "",
            "append": "",
            "min": "",
            "max": "",
            "step": ""
        },
        {
            "key": "field_5d70c651db551",
            "label": "Header",
            "name": "",
            "type": "tab",
            "instructions": "",
            "required": 0,
            "conditional_logic": 0,
            "wrapper": {
                "width": "",
                "class": "",
                "id": ""
            },
            "placement": "top",
            "endpoint": 0
        },
        {
            "key": "field_5d70c651db59d",
            "label": "Afbeelding",
            "name": "header_image",
            "type": "image",
            "instructions": "",
            "required": 0,
            "conditional_logic": 0,
            "wrapper": {
                "width": "40",
                "class": "",
                "id": ""
            },
            "return_format": "array",
            "preview_size": "medium",
            "library": "all",
            "min_width": "",
            "min_height": "",
            "min_size": "",
            "max_width": "",
            "max_height": "",
            "max_size": "",
            "mime_types": ""
        },
        {
            "key": "field_5d70c651db5dd",
            "label": "Omschrijving",
            "name": "header_text",
            "type": "textarea",
            "instructions": "Voer hier de omschrijving van het product in",
            "required": 1,
            "conditional_logic": 0,
            "wrapper": {
                "width": "60",
                "class": "",
                "id": ""
            },
            "default_value": "",
            "placeholder": "",
            "maxlength": "",
            "rows": "",
            "new_lines": "br"
        },
        {
            "key": "field_5d70c651db61d",
            "label": "Inhoud",
            "name": "",
            "type": "tab",
            "instructions": "",
            "required": 0,
            "conditional_logic": 0,
            "wrapper": {
                "width": "",
                "class": "",
                "id": ""
            },
            "placement": "top",
            "endpoint": 0
        },
        {
            "key": "field_5d70c651db65d",
            "label": "Elementen",
            "name": "elements",
            "type": "flexible_content",
            "instructions": "",
            "required": 0,
            "conditional_logic": 0,
            "wrapper": {
                "width": "",
                "class": "",
                "id": ""
            },
            "layouts": {
                "layout_5c7518fb991eb": {
                    "key": "layout_5c7518fb991eb",
                    "name": "content-heading",
                    "label": "Heading Element",
                    "display": "block",
                    "sub_fields": [
                        {
                            "key": "field_5d70c651e3a51",
                            "label": "Clone Heading Element",
                            "name": "clone_heading_element",
                            "type": "clone",
                            "instructions": "",
                            "required": 0,
                            "conditional_logic": 0,
                            "wrapper": {
                                "width": "",
                                "class": "",
                                "id": ""
                            },
                            "clone": [
                                "group_5c751894b5794"
                            ],
                            "display": "seamless",
                            "layout": "block",
                            "prefix_label": 0,
                            "prefix_name": 0
                        }
                    ],
                    "min": "",
                    "max": ""
                },
                "5c741ee266a84": {
                    "key": "5c741ee266a84",
                    "name": "content-text",
                    "label": "Tekst Element",
                    "display": "block",
                    "sub_fields": [
                        {
                            "key": "field_5d70c651e3a94",
                            "label": "Clone Tekst Element",
                            "name": "clone_tekst_element",
                            "type": "clone",
                            "instructions": "",
                            "required": 0,
                            "conditional_logic": 0,
                            "wrapper": {
                                "width": "",
                                "class": "",
                                "id": ""
                            },
                            "clone": [
                                "group_5c741e2ce4840"
                            ],
                            "display": "seamless",
                            "layout": "block",
                            "prefix_label": 0,
                            "prefix_name": 0
                        }
                    ],
                    "min": "",
                    "max": ""
                },
                "layout_5c742384acc53": {
                    "key": "layout_5c742384acc53",
                    "name": "content-quote",
                    "label": "Quote Element",
                    "display": "block",
                    "sub_fields": [
                        {
                            "key": "field_5d70c651e3ad6",
                            "label": "Clone Quote Element",
                            "name": "clone_quote_element",
                            "type": "clone",
                            "instructions": "",
                            "required": 0,
                            "conditional_logic": 0,
                            "wrapper": {
                                "width": "",
                                "class": "",
                                "id": ""
                            },
                            "clone": [
                                "group_5c742339df9db"
                            ],
                            "display": "seamless",
                            "layout": "block",
                            "prefix_label": 0,
                            "prefix_name": 0
                        }
                    ],
                    "min": "",
                    "max": ""
                },
                "layout_5c74243b553f2": {
                    "key": "layout_5c74243b553f2",
                    "name": "content-oneliner",
                    "label": "Oneliner Element",
                    "display": "block",
                    "sub_fields": [
                        {
                            "key": "field_5d70c651e3b16",
                            "label": "Clone Oneliner Element",
                            "name": "clone_oneliner_element",
                            "type": "clone",
                            "instructions": "",
                            "required": 0,
                            "conditional_logic": 0,
                            "wrapper": {
                                "width": "",
                                "class": "",
                                "id": ""
                            },
                            "clone": [
                                "group_5c7423e5d742f"
                            ],
                            "display": "seamless",
                            "layout": "block",
                            "prefix_label": 0,
                            "prefix_name": 0
                        }
                    ],
                    "min": "",
                    "max": ""
                },
                "layout_5c9a3f7c9f7cc": {
                    "key": "layout_5c9a3f7c9f7cc",
                    "name": "content-image",
                    "label": "Afbeelding Element",
                    "display": "block",
                    "sub_fields": [
                        {
                            "key": "field_5d70c651e3b57",
                            "label": "Clone Image Element",
                            "name": "clone_image_element",
                            "type": "clone",
                            "instructions": "",
                            "required": 0,
                            "conditional_logic": 0,
                            "wrapper": {
                                "width": "",
                                "class": "",
                                "id": ""
                            },
                            "clone": [
                                "group_5c9a3f38b0575"
                            ],
                            "display": "seamless",
                            "layout": "block",
                            "prefix_label": 0,
                            "prefix_name": 0
                        }
                    ],
                    "min": "",
                    "max": ""
                },
                "layout_5d0b5af371958": {
                    "key": "layout_5d0b5af371958",
                    "name": "content-image-duo",
                    "label": "Duo Afbeelding Element",
                    "display": "block",
                    "sub_fields": [
                        {
                            "key": "field_5d70c651e3b97",
                            "label": "Clone Element",
                            "name": "clone_image_duo_element",
                            "type": "clone",
                            "instructions": "",
                            "required": 0,
                            "conditional_logic": 0,
                            "wrapper": {
                                "width": "",
                                "class": "",
                                "id": ""
                            },
                            "clone": [
                                "group_5d0b5815951cf"
                            ],
                            "display": "seamless",
                            "layout": "block",
                            "prefix_label": 0,
                            "prefix_name": 0
                        }
                    ],
                    "min": "",
                    "max": ""
                },
                "layout_5d0b6133ca97e": {
                    "key": "layout_5d0b6133ca97e",
                    "name": "content-image-wide",
                    "label": "Wide Afbeelding Element",
                    "display": "block",
                    "sub_fields": [
                        {
                            "key": "field_5d70c651e3bd8",
                            "label": "Clone Element",
                            "name": "clone_image_wide_element",
                            "type": "clone",
                            "instructions": "",
                            "required": 0,
                            "conditional_logic": 0,
                            "wrapper": {
                                "width": "",
                                "class": "",
                                "id": ""
                            },
                            "clone": [
                                "group_5d0b60ed9d775"
                            ],
                            "display": "seamless",
                            "layout": "block",
                            "prefix_label": 0,
                            "prefix_name": 0
                        }
                    ],
                    "min": "",
                    "max": ""
                },
                "layout_5c7425384b77c": {
                    "key": "layout_5c7425384b77c",
                    "name": "content-gallery",
                    "label": "Galerij Element",
                    "display": "block",
                    "sub_fields": [
                        {
                            "key": "field_5d70c651e3c18",
                            "label": "Clone Galerij Element",
                            "name": "clone_galerij_element",
                            "type": "clone",
                            "instructions": "",
                            "required": 0,
                            "conditional_logic": 0,
                            "wrapper": {
                                "width": "",
                                "class": "",
                                "id": ""
                            },
                            "clone": [
                                "group_5c7424c32350a"
                            ],
                            "display": "seamless",
                            "layout": "block",
                            "prefix_label": 0,
                            "prefix_name": 0
                        }
                    ],
                    "min": "",
                    "max": ""
                },
                "layout_5c750ea7b77e0": {
                    "key": "layout_5c750ea7b77e0",
                    "name": "content-video",
                    "label": "Video Element",
                    "display": "block",
                    "sub_fields": [
                        {
                            "key": "field_5d70c651e3c59",
                            "label": "Clone Video Element",
                            "name": "clone_video_element",
                            "type": "clone",
                            "instructions": "",
                            "required": 0,
                            "conditional_logic": 0,
                            "wrapper": {
                                "width": "",
                                "class": "",
                                "id": ""
                            },
                            "clone": [
                                "group_5c750db741df9"
                            ],
                            "display": "seamless",
                            "layout": "block",
                            "prefix_label": 0,
                            "prefix_name": 0
                        }
                    ],
                    "min": "",
                    "max": ""
                },
                "layout_5c7533c7c0e5c": {
                    "key": "layout_5c7533c7c0e5c",
                    "name": "content-tabs",
                    "label": "Tab Element",
                    "display": "block",
                    "sub_fields": [
                        {
                            "key": "field_5d70c651e3c9a",
                            "label": "Clone Tab Element",
                            "name": "clone_tab_element",
                            "type": "clone",
                            "instructions": "",
                            "required": 0,
                            "conditional_logic": 0,
                            "wrapper": {
                                "width": "",
                                "class": "",
                                "id": ""
                            },
                            "clone": [
                                "group_5c75306797f6a"
                            ],
                            "display": "seamless",
                            "layout": "block",
                            "prefix_label": 0,
                            "prefix_name": 0
                        }
                    ],
                    "min": "",
                    "max": ""
                },
                "layout_5c93a77cff9b4": {
                    "key": "layout_5c93a77cff9b4",
                    "name": "content-themes",
                    "label": "Thema's Element",
                    "display": "block",
                    "sub_fields": [
                        {
                            "key": "field_5d70c651e3cda",
                            "label": "Clone Thema's Element",
                            "name": "clone_themes_element",
                            "type": "clone",
                            "instructions": "",
                            "required": 0,
                            "conditional_logic": 0,
                            "wrapper": {
                                "width": "",
                                "class": "",
                                "id": ""
                            },
                            "clone": [
                                "group_5c93a4b103a4e"
                            ],
                            "display": "seamless",
                            "layout": "block",
                            "prefix_label": 0,
                            "prefix_name": 0
                        }
                    ],
                    "min": "",
                    "max": ""
                },
                "layout_5cadef8c2df1e": {
                    "key": "layout_5cadef8c2df1e",
                    "name": "content-cta",
                    "label": "Call-To-Action Element",
                    "display": "block",
                    "sub_fields": [
                        {
                            "key": "field_5d70c651e3d1c",
                            "label": "Clone Call-To-Action Element",
                            "name": "clone_call-to-action_element",
                            "type": "clone",
                            "instructions": "",
                            "required": 0,
                            "conditional_logic": 0,
                            "wrapper": {
                                "width": "",
                                "class": "",
                                "id": ""
                            },
                            "clone": [
                                "group_5cadee6916b2d"
                            ],
                            "display": "seamless",
                            "layout": "block",
                            "prefix_label": 0,
                            "prefix_name": 0
                        }
                    ],
                    "min": "",
                    "max": ""
                }
            },
            "button_label": "Element toevoegen",
            "min": "",
            "max": ""
        }
    ],
    "location": [
        [
            {
                "param": "post_type",
                "operator": "==",
                "value": "producten"
            }
        ]
    ],
    "menu_order": -1,
    "position": "normal",
    "style": "seamless",
    "label_placement": "top",
    "instruction_placement": "label",
    "hide_on_screen": [
        "the_content",
        "discussion",
        "comments",
        "revisions",
        "slug",
        "send-trackbacks"
    ],
    "active": 1,
    "description": "",
    "modified": 1568892925
}