{
    "key": "group_5c741dcc331e3",
    "title": "Standaard Template",
    "fields": [
        {
            "key": "field_5c741ddaaef16",
            "label": "Header",
            "name": "",
            "type": "tab",
            "instructions": "",
            "required": 0,
            "conditional_logic": 0,
            "wrapper": {
                "width": "",
                "class": "",
                "id": ""
            },
            "placement": "top",
            "endpoint": 0
        },
        {
            "key": "field_5c8770cfdba65",
            "label": "Header Afbeelding",
            "name": "header_image",
            "type": "image",
            "instructions": "",
            "required": 0,
            "conditional_logic": 0,
            "wrapper": {
                "width": "40",
                "class": "",
                "id": ""
            },
            "return_format": "array",
            "preview_size": "medium",
            "library": "all",
            "min_width": "",
            "min_height": "",
            "min_size": "",
            "max_width": "",
            "max_height": "",
            "max_size": "",
            "mime_types": ""
        },
        {
            "key": "field_5c8770e1dba66",
            "label": "Header Tekst",
            "name": "header_text",
            "type": "wysiwyg",
            "instructions": "",
            "required": 0,
            "conditional_logic": 0,
            "wrapper": {
                "width": "60",
                "class": "",
                "id": ""
            },
            "default_value": "",
            "tabs": "all",
            "toolbar": "full",
            "media_upload": 0,
            "delay": 0
        },
        {
            "key": "field_5c741de6aef17",
            "label": "Inhoud",
            "name": "",
            "type": "tab",
            "instructions": "",
            "required": 0,
            "conditional_logic": 0,
            "wrapper": {
                "width": "",
                "class": "",
                "id": ""
            },
            "placement": "top",
            "endpoint": 0
        },
        {
            "key": "field_5c741ecea9bdd",
            "label": "Elementen",
            "name": "elements",
            "type": "flexible_content",
            "instructions": "",
            "required": 0,
            "conditional_logic": 0,
            "wrapper": {
                "width": "",
                "class": "",
                "id": ""
            },
            "layouts": {
                "layout_5c7518fb991eb": {
                    "key": "layout_5c7518fb991eb",
                    "name": "content-heading",
                    "label": "Heading Element",
                    "display": "block",
                    "sub_fields": [
                        {
                            "key": "field_5c751907991ec",
                            "label": "Clone Heading Element",
                            "name": "clone_heading_element",
                            "type": "clone",
                            "instructions": "",
                            "required": 0,
                            "conditional_logic": 0,
                            "wrapper": {
                                "width": "",
                                "class": "",
                                "id": ""
                            },
                            "clone": [
                                "group_5c751894b5794"
                            ],
                            "display": "seamless",
                            "layout": "block",
                            "prefix_label": 0,
                            "prefix_name": 0
                        }
                    ],
                    "min": "",
                    "max": ""
                },
                "5c741ee266a84": {
                    "key": "5c741ee266a84",
                    "name": "content-text",
                    "label": "Tekst Element",
                    "display": "block",
                    "sub_fields": [
                        {
                            "key": "field_5c741ee5a9bde",
                            "label": "Clone Tekst Element",
                            "name": "clone_tekst_element",
                            "type": "clone",
                            "instructions": "",
                            "required": 0,
                            "conditional_logic": 0,
                            "wrapper": {
                                "width": "",
                                "class": "",
                                "id": ""
                            },
                            "clone": [
                                "group_5c741e2ce4840"
                            ],
                            "display": "seamless",
                            "layout": "block",
                            "prefix_label": 0,
                            "prefix_name": 0
                        }
                    ],
                    "min": "",
                    "max": ""
                },
                "layout_5c742384acc53": {
                    "key": "layout_5c742384acc53",
                    "name": "content-quote",
                    "label": "Quote Element",
                    "display": "block",
                    "sub_fields": [
                        {
                            "key": "field_5c74238dacc54",
                            "label": "Clone Quote Element",
                            "name": "clone_quote_element",
                            "type": "clone",
                            "instructions": "",
                            "required": 0,
                            "conditional_logic": 0,
                            "wrapper": {
                                "width": "",
                                "class": "",
                                "id": ""
                            },
                            "clone": [
                                "group_5c742339df9db"
                            ],
                            "display": "seamless",
                            "layout": "block",
                            "prefix_label": 0,
                            "prefix_name": 0
                        }
                    ],
                    "min": "",
                    "max": ""
                },
                "layout_5c74243b553f2": {
                    "key": "layout_5c74243b553f2",
                    "name": "content-oneliner",
                    "label": "Oneliner Element",
                    "display": "block",
                    "sub_fields": [
                        {
                            "key": "field_5c742449553f3",
                            "label": "Clone Oneliner Element",
                            "name": "clone_oneliner_element",
                            "type": "clone",
                            "instructions": "",
                            "required": 0,
                            "conditional_logic": 0,
                            "wrapper": {
                                "width": "",
                                "class": "",
                                "id": ""
                            },
                            "clone": [
                                "group_5c7423e5d742f"
                            ],
                            "display": "seamless",
                            "layout": "block",
                            "prefix_label": 0,
                            "prefix_name": 0
                        }
                    ],
                    "min": "",
                    "max": ""
                },
                "layout_5c9a3f7c9f7cc": {
                    "key": "layout_5c9a3f7c9f7cc",
                    "name": "content-image",
                    "label": "Afbeelding Element",
                    "display": "block",
                    "sub_fields": [
                        {
                            "key": "field_5c9a3f7c9f7cd",
                            "label": "Clone Image Element",
                            "name": "clone_image_element",
                            "type": "clone",
                            "instructions": "",
                            "required": 0,
                            "conditional_logic": 0,
                            "wrapper": {
                                "width": "",
                                "class": "",
                                "id": ""
                            },
                            "clone": [
                                "group_5c9a3f38b0575"
                            ],
                            "display": "seamless",
                            "layout": "block",
                            "prefix_label": 0,
                            "prefix_name": 0
                        }
                    ],
                    "min": "",
                    "max": ""
                },
                "layout_5d0b5af371958": {
                    "key": "layout_5d0b5af371958",
                    "name": "content-image-duo",
                    "label": "Duo Afbeelding Element",
                    "display": "block",
                    "sub_fields": [
                        {
                            "key": "field_5d0b5af371959",
                            "label": "Clone Element",
                            "name": "clone_image_duo_element",
                            "type": "clone",
                            "instructions": "",
                            "required": 0,
                            "conditional_logic": 0,
                            "wrapper": {
                                "width": "",
                                "class": "",
                                "id": ""
                            },
                            "clone": [
                                "group_5d0b5815951cf"
                            ],
                            "display": "seamless",
                            "layout": "block",
                            "prefix_label": 0,
                            "prefix_name": 0
                        }
                    ],
                    "min": "",
                    "max": ""
                },
                "layout_5d0b6133ca97e": {
                    "key": "layout_5d0b6133ca97e",
                    "name": "content-image-wide",
                    "label": "Wide Afbeelding Element",
                    "display": "block",
                    "sub_fields": [
                        {
                            "key": "field_5d0b6133ca97f",
                            "label": "Clone Element",
                            "name": "clone_image_wide_element",
                            "type": "clone",
                            "instructions": "",
                            "required": 0,
                            "conditional_logic": 0,
                            "wrapper": {
                                "width": "",
                                "class": "",
                                "id": ""
                            },
                            "clone": [
                                "group_5d0b60ed9d775"
                            ],
                            "display": "seamless",
                            "layout": "block",
                            "prefix_label": 0,
                            "prefix_name": 0
                        }
                    ],
                    "min": "",
                    "max": ""
                },
                "layout_5c7425384b77c": {
                    "key": "layout_5c7425384b77c",
                    "name": "content-gallery",
                    "label": "Galerij Element",
                    "display": "block",
                    "sub_fields": [
                        {
                            "key": "field_5c7425444b77d",
                            "label": "Clone Galerij Element",
                            "name": "clone_galerij_element",
                            "type": "clone",
                            "instructions": "",
                            "required": 0,
                            "conditional_logic": 0,
                            "wrapper": {
                                "width": "",
                                "class": "",
                                "id": ""
                            },
                            "clone": [
                                "group_5c7424c32350a"
                            ],
                            "display": "seamless",
                            "layout": "block",
                            "prefix_label": 0,
                            "prefix_name": 0
                        }
                    ],
                    "min": "",
                    "max": ""
                },
                "layout_5c750ea7b77e0": {
                    "key": "layout_5c750ea7b77e0",
                    "name": "content-video",
                    "label": "Video Element",
                    "display": "block",
                    "sub_fields": [
                        {
                            "key": "field_5c750eb2b77e1",
                            "label": "Clone Video Element",
                            "name": "clone_video_element",
                            "type": "clone",
                            "instructions": "",
                            "required": 0,
                            "conditional_logic": 0,
                            "wrapper": {
                                "width": "",
                                "class": "",
                                "id": ""
                            },
                            "clone": [
                                "group_5c750db741df9"
                            ],
                            "display": "seamless",
                            "layout": "block",
                            "prefix_label": 0,
                            "prefix_name": 0
                        }
                    ],
                    "min": "",
                    "max": ""
                },
                "layout_5c7533c7c0e5c": {
                    "key": "layout_5c7533c7c0e5c",
                    "name": "content-tabs",
                    "label": "Tab Element",
                    "display": "block",
                    "sub_fields": [
                        {
                            "key": "field_5c7533cfc0e5d",
                            "label": "Clone Tab Element",
                            "name": "clone_tab_element",
                            "type": "clone",
                            "instructions": "",
                            "required": 0,
                            "conditional_logic": 0,
                            "wrapper": {
                                "width": "",
                                "class": "",
                                "id": ""
                            },
                            "clone": [
                                "group_5c75306797f6a"
                            ],
                            "display": "seamless",
                            "layout": "block",
                            "prefix_label": 0,
                            "prefix_name": 0
                        }
                    ],
                    "min": "",
                    "max": ""
                },
                "layout_5c93a77cff9b4": {
                    "key": "layout_5c93a77cff9b4",
                    "name": "content-themes",
                    "label": "Thema's Element",
                    "display": "block",
                    "sub_fields": [
                        {
                            "key": "field_5c93a77cff9b5",
                            "label": "Clone Thema's Element",
                            "name": "clone_themes_element",
                            "type": "clone",
                            "instructions": "",
                            "required": 0,
                            "conditional_logic": 0,
                            "wrapper": {
                                "width": "",
                                "class": "",
                                "id": ""
                            },
                            "clone": [
                                "group_5d7232c5aa60e"
                            ],
                            "display": "seamless",
                            "layout": "block",
                            "prefix_label": 0,
                            "prefix_name": 0
                        }
                    ],
                    "min": "",
                    "max": ""
                },
                "layout_5d7228ad97305": {
                    "key": "layout_5d7228ad97305",
                    "name": "content-taxonomy",
                    "label": "Taxonomie Element",
                    "display": "block",
                    "sub_fields": [
                        {
                            "key": "field_5d7228ad97306",
                            "label": "Clone Taxonomie Element",
                            "name": "clone_taxonomy_element",
                            "type": "clone",
                            "instructions": "",
                            "required": 0,
                            "conditional_logic": 0,
                            "wrapper": {
                                "width": "",
                                "class": "",
                                "id": ""
                            },
                            "clone": [
                                "group_5c93a4b103a4e"
                            ],
                            "display": "seamless",
                            "layout": "block",
                            "prefix_label": 0,
                            "prefix_name": 0
                        }
                    ],
                    "min": "",
                    "max": ""
                },
                "layout_5cadef8c2df1e": {
                    "key": "layout_5cadef8c2df1e",
                    "name": "content-cta",
                    "label": "Call-To-Action Element",
                    "display": "block",
                    "sub_fields": [
                        {
                            "key": "field_5cadefa42df1f",
                            "label": "Clone Call-To-Action Element",
                            "name": "clone_call-to-action_element",
                            "type": "clone",
                            "instructions": "",
                            "required": 0,
                            "conditional_logic": 0,
                            "wrapper": {
                                "width": "",
                                "class": "",
                                "id": ""
                            },
                            "clone": [
                                "group_5cadee6916b2d"
                            ],
                            "display": "seamless",
                            "layout": "block",
                            "prefix_label": 0,
                            "prefix_name": 0
                        }
                    ],
                    "min": "",
                    "max": ""
                }
            },
            "button_label": "Element toevoegen",
            "min": "",
            "max": ""
        }
    ],
    "location": [
        [
            {
                "param": "post_type",
                "operator": "==",
                "value": "page"
            },
            {
                "param": "post_template",
                "operator": "==",
                "value": "default"
            },
            {
                "param": "page_type",
                "operator": "!=",
                "value": "front_page"
            }
        ],
        [
            {
                "param": "post_type",
                "operator": "==",
                "value": "page"
            },
            {
                "param": "post_template",
                "operator": "==",
                "value": "template-project.php"
            },
            {
                "param": "page_type",
                "operator": "!=",
                "value": "front_page"
            }
        ],
        [
            {
                "param": "post_type",
                "operator": "==",
                "value": "page"
            },
            {
                "param": "post_template",
                "operator": "==",
                "value": "template-diciplines.php"
            },
            {
                "param": "page_type",
                "operator": "!=",
                "value": "front_page"
            }
        ]
    ],
    "menu_order": -1,
    "position": "normal",
    "style": "seamless",
    "label_placement": "top",
    "instruction_placement": "label",
    "hide_on_screen": [
        "the_content",
        "discussion",
        "comments",
        "revisions",
        "slug",
        "send-trackbacks"
    ],
    "active": 1,
    "description": "",
    "modified": 1567765359
}