{
    "key": "group_5c7424c32350a",
    "title": "Galerij Element",
    "fields": [
        {
            "key": "field_5c7424cbd44d0",
            "label": "Tekst",
            "name": "text",
            "type": "wysiwyg",
            "instructions": "",
            "required": 0,
            "conditional_logic": 0,
            "wrapper": {
                "width": "100",
                "class": "",
                "id": ""
            },
            "default_value": "",
            "tabs": "all",
            "toolbar": "full",
            "media_upload": 0,
            "delay": 0
        },
        {
            "key": "field_5c750b31738f3",
            "label": "Afbeeldingen",
            "name": "images",
            "type": "gallery",
            "instructions": "",
            "required": 1,
            "conditional_logic": 0,
            "wrapper": {
                "width": "80",
                "class": "",
                "id": ""
            },
            "min": 2,
            "max": "",
            "insert": "append",
            "library": "all",
            "min_width": "",
            "min_height": "",
            "min_size": "",
            "max_width": "",
            "max_height": "",
            "max_size": "",
            "mime_types": "",
            "return_format": "array",
            "preview_size": "medium"
        },
        {
            "key": "field_5c9a1b48d3684",
            "label": "Uitlijning",
            "name": "align",
            "type": "button_group",
            "instructions": "",
            "required": 0,
            "conditional_logic": 0,
            "wrapper": {
                "width": "20",
                "class": "",
                "id": ""
            },
            "choices": {
                "left": "Links",
                "right": "Rechts"
            },
            "allow_null": 0,
            "default_value": "",
            "layout": "vertical",
            "return_format": "value"
        }
    ],
    "location": [
        [
            {
                "param": "post_type",
                "operator": "==",
                "value": "post"
            }
        ]
    ],
    "menu_order": 0,
    "position": "normal",
    "style": "default",
    "label_placement": "top",
    "instruction_placement": "label",
    "hide_on_screen": "",
    "active": false,
    "description": "",
    "0": false,
    "modified": 1561033225
}